0,0,0,0,0,0,0,0,0,0,0,0,0,0,0,0,0,0,0,0,0,0,0,0,0,0,0,0,0,0,0,0,0,0,0,0,0,0,0,0,0,0,0,0,0,0,0,0,0,0,0,0,0,0,0,0,0,0,0,0,0,0,0,0,0,0,0,0,0,0,0,0,0,0,0,0,0,0,0,0
0,0,0,0,0,0,0,0,0,0,0,0,0,0,0,0,0,0,0,0,0,0,0,0,0,0,0,0,0,0,0,0,0,0,0,0,0,0,0,0,0,0,0,0,0,0,0,0,0,0,0,0,0,0,0,0,0,0,0,0,0,0,0,0,0,0,0,0,0,0,0,0,0,0,0,0,0,0,0,0
0,0,0,0,0,0,0,0,0,0,0.02,0,0,0,0,0,0,0,0,0,0,0,0,0,0,0,0,0,0,0,0,0,0,0,0,0,0,0,0,0,0,0,0,0,0,0,0,0,0,0,0,0,0,0,0,0,0,0,0,0,0,0,0,0,0,0,0,0,0,0,0,0,0,0,0,0,0,0,0,0
0,0,0,0,0,0,0,0,0,0,1,0.82,0.42,0.14,0,0,0,0,0,0,0,0,0,0,0,0,0,0,0,0,0,0,0,0,0,0,0,0,0,0,0,0,0,0,0,0,0,0,0,0,0,0,0,0,0,0,0,0,0,0,0,0,0,0,0,0,0,0,0,0,0,0,0,0,0,0,0,0,0,0
0,0,0,0,0,0,0,0,0,0,1,1,0.8,0.24,0.32,0,0,0,0,0,0,0,0,0,0,0,0,0,0,0,0,0,0,0,0,0,0,0,0.02,0.02,0.02,0.08,0.12,0.06,0.16,0.12,0.16,0.2,0.02,0.14,0.08,0.06,0.12,0.02,0.04,0.14,0.04,0.04,0.04,0.06,0,0,0,0,0,0,0,0,0,0,0,0,0,0,0,0,0,0,0,0
0,0,0,0,0,0,0,0,0,0,0.98,0.32,0.1,0,0,0,0,0,0,0,0,0,0,0,0,0,0,0,0,0,0,0,0,0,0,0,0,0,0,0,0,0,0,0,0,0,0,0,0,0,0,0,0,0,0,0,0,0,0,0,0,0,0,0,0,0,0,0,0,0,0,0,0,0,0,0,0,0,0,0
0,0,0,0,0,0,0,0,0,0,1,0.98,0.76,0.3,0.52,0.06,0.02,0,0,0,0,0,0,0,0,0,0,0,0,0,0,0,0,0,0,0,0,0.02,0.04,0.06,0.1,0.2,0.28,0.1,0.3,0.24,0.18,0.32,0.12,0.2,0.2,0.14,0.18,0.12,0.12,0.16,0.06,0.08,0.06,0.06,0.02,0,0,0,0,0,0,0,0,0,0,0,0,0,0,0,0,0,0,0
0,0,0,0,0,0,0,0,0,0,0.9,0.84,0.44,0.16,0.3,0.02,0,0,0,0,0,0,0,0,0,0,0,0,0,0,0,0,0,0,0,0,0,0,0,0.02,0.02,0.12,0.08,0.08,0.2,0.12,0.14,0.16,0.14,0.14,0.1,0.04,0.14,0.12,0.04,0.14,0.04,0.02,0.02,0.1,0,0,0,0,0,0,0,0,0,0,0,0,0,0,0,0,0,0,0,0
0,0,0,0,0,0,0,0,0,0,0.9,0.76,0.36,0.16,0.04,0,0,0,0,0,0,0,0,0,0,0,0,0,0,0,0,0,0,0,0,0,0,0,0,0,0,0,0,0,0,0,0,0,0,0,0,0,0,0,0,0,0,0,0,0,0,0,0,0,0,0,0,0,0,0,0,0,0,0,0,0,0,0,0,0
0,0,0,0,0,0,0,0,0,0,0.98,0.12,0.02,0.04,0.02,0,0,0,0,0,0,0,0,0,0,0,0,0,0,0,0,0,0,0,0,0,0,0,0,0,0,0,0,0,0,0,0,0,0.02,0,0,0,0,0,0,0,0,0,0,0,0,0,0,0,0,0,0,0,0,0,0,0,0,0,0,0,0,0,0,0
0,0,0,0,0,0,0,0,0,0,0.04,0,0,0,0,0,0,0,0,0,0,0,0,0,0,0,0,0,0,0,0,0,0,0,0,0,0,0,0,0,0,0,0,0,0,0,0,0,0,0,0,0,0,0,0,0,0,0,0,0,0,0,0,0,0,0,0,0,0,0,0,0,0,0,0,0,0,0,0,0
0,0,0,0,0,0,0,0,0,0,0.9,0.04,0,0,0,0,0,0,0,0,0,0,0,0,0,0,0,0,0,0,0,0,0,0,0,0,0,0,0,0,0,0,0,0,0,0,0,0,0,0,0,0,0,0,0,0,0,0,0,0,0,0,0,0,0,0,0,0,0,0,0,0,0,0,0,0,0,0,0,0
0,0,0,0,0,0,0,0,0,0,1,0.96,0.68,0.22,0.2,0.02,0,0,0,0,0,0,0,0,0,0,0,0,0,0,0,0,0,0,0,0.02,0,0,0.06,0.02,0.06,0.16,0.22,0.1,0.24,0.18,0.12,0.16,0.16,0.2,0.16,0.12,0.2,0.16,0.16,0.16,0.08,0.1,0.08,0.14,0,0,0,0,0,0,0,0,0,0,0,0,0,0,0,0,0,0,0,0
0,0,0,0,0,0,0,0,0,0,1,0.94,0.72,0.24,0.4,0.08,0.04,0.02,0,0,0,0,0,0,0,0,0,0,0,0,0,0,0,0,0,0.02,0,0.02,0.08,0,0.02,0.1,0.04,0.02,0.06,0.08,0.02,0.04,0,0.04,0.02,0,0,0,0,0,0,0,0,0,0,0,0,0,0,0,0,0,0,0,0,0,0,0,0,0,0,0,0,0
0,0,0,0,0,0,0,0,0,0,1,1.18,0.96,0.36,0.7,0.24,0.04,0.04,0.02,0.02,0.02,0,0.02,0,0,0.02,0,0,0,0,0.04,0.02,0.06,0.06,0.02,0.12,0.08,0.18,0.36,0.16,0.3,0.42,0.56,0.28,0.42,0.52,0.36,0.6,0.38,0.38,0.36,0.3,0.36,0.28,0.24,0.3,0.22,0.22,0.14,0.2,0.02,0,0,0,0,0,0,0,0,0,0,0,0,0,0,0,0,0,0,0
0,0,0,0,0,0,0,0,0,0,0.9,0.68,0.46,0.24,0.14,0,0,0,0,0,0,0,0,0,0,0,0,0,0,0,0,0,0,0,0,0,0,0,0,0,0.02,0.04,0.1,0.02,0.04,0.12,0.04,0.04,0.08,0.02,0.06,0.02,0.12,0.04,0.04,0.04,0.02,0,0.04,0.04,0.02,0,0,0,0,0,0,0,0,0,0,0,0,0,0,0,0,0,0,0
0,0,0,0,0,0,0,0,0,0,1,1,0.76,0.3,0.62,0.08,0.04,0,0,0,0,0,0,0,0,0,0,0,0,0,0,0,0,0,0,0.02,0,0.02,0.06,0.04,0.12,0.2,0.28,0.12,0.3,0.26,0.2,0.28,0.14,0.24,0.2,0.12,0.26,0.14,0.12,0.16,0.06,0.08,0.08,0.08,0,0,0,0,0,0,0,0,0,0,0,0,0,0,0,0,0,0,0,0
0,0,0,0,0,0,0,0,0,0,0.98,0.84,0.4,0.2,0.06,0,0,0,0,0,0,0,0,0,0,0,0,0,0,0,0,0,0,0,0,0,0,0,0,0,0,0,0,0,0,0,0,0,0.02,0,0,0,0,0,0,0,0,0,0.02,0,0,0,0,0,0,0,0,0,0,0,0,0,0,0,0,0,0,0,0,0
0,0,0,0,0,0,0,0,0,0,0.96,0.14,0.04,0,0.12,0.02,0,0,0,0,0,0,0,0,0,0,0,0,0,0,0,0,0,0,0,0,0,0,0,0.02,0.06,0.02,0.08,0.04,0.1,0.02,0.06,0.12,0.06,0.04,0.06,0.02,0.14,0,0.02,0.08,0.02,0.04,0,0.04,0.02,0,0,0,0,0,0,0,0,0,0,0,0,0,0,0,0,0,0,0
0,0,0,0,0,0,0,0,0,0,1,0.76,0.42,0.16,0.14,0,0,0,0,0,0,0,0,0,0,0,0,0,0,0,0,0,0,0,0,0,0,0.02,0,0,0.02,0.02,0,0,0,0,0.02,0.02,0.02,0,0,0,0,0,0,0,0,0,0,0,0,0,0,0,0,0,0,0,0,0,0,0,0,0,0,0,0,0,0,0
0,0,0,0,0,0,0,0,0,0,0.74,0,0,0,0,0,0,0,0,0,0,0,0,0,0,0,0,0,0,0,0,0,0,0,0,0,0,0,0,0,0,0,0,0,0,0,0,0,0,0,0,0,0,0,0,0,0,0,0,0,0,0,0,0,0,0,0,0,0,0,0,0,0,0,0,0,0,0,0,0
0,0,0,0,0,0,0,0,0,0,0.48,0.06,0.08,0,0,0,0,0,0,0,0,0,0,0,0,0,0,0,0,0,0,0,0,0,0,0,0,0,0,0,0,0,0,0,0,0,0,0,0,0,0,0,0,0,0,0,0,0,0,0,0,0,0,0,0,0,0,0,0,0,0,0,0,0,0,0,0,0,0,0
0,0,0,0,0,0,0,0,0,0,1,1.02,0.9,0.38,0.76,0.18,0.06,0.1,0,0,0.04,0.02,0.02,0.02,0.06,0.02,0.02,0.04,0.04,0.06,0.1,0.04,0.02,0.06,0.06,0.16,0.12,0.12,0.2,0.16,0.28,0.46,0.66,0.32,0.62,0.6,0.58,0.8,0.6,0.62,0.74,0.62,0.84,0.68,0.8,0.82,0.56,0.8,0.78,0.84,0.04,0,0,0,0,0,0,0,0,0,0,0,0,0,0,0,0,0,0,0
0,0,0,0,0,0,0,0,0,0,1,0.96,0.78,0.22,0.32,0.04,0,0,0,0,0,0,0,0,0,0,0,0,0,0,0,0,0,0,0,0,0,0,0.04,0.02,0.02,0.02,0.12,0,0.08,0.1,0.08,0.14,0.02,0.02,0.06,0,0.04,0,0,0.08,0.04,0,0.04,0,0,0,0,0,0,0,0,0,0,0,0,0,0,0,0,0,0,0,0,0
0,0,0,0,0,0,0,0,0,0,0.26,0.06,0.02,0,0.02,0,0,0,0,0,0,0,0,0,0,0,0,0,0,0,0,0,0,0,0,0,0,0,0,0,0,0,0,0,0,0,0,0,0,0,0.02,0,0,0,0,0,0,0,0,0,0,0,0,0,0,0,0,0,0,0,0,0,0,0,0,0,0,0,0,0
0,0,0,0,0,0,0,0,0,0,0.98,0.36,0.16,0.1,0,0,0,0,0,0,0,0,0,0,0,0,0,0,0,0,0,0,0,0,0,0,0,0,0,0,0,0,0,0,0,0,0.02,0,0,0,0,0,0,0,0,0.02,0,0,0,0,0,0,0,0,0,0,0,0,0,0,0,0,0,0,0,0,0,0,0,0
0,0,0,0,0,0,0,0,0,0,0.94,0.3,0.14,0.04,0.14,0.04,0,0,0,0,0,0,0,0,0,0,0,0,0,0,0,0,0,0,0,0,0,0,0,0.02,0.06,0.06,0.14,0.04,0.16,0.1,0.08,0.18,0.1,0.1,0.12,0.04,0.14,0.06,0.1,0.12,0.06,0.02,0.06,0.02,0.04,0,0,0,0,0,0,0,0,0,0,0,0,0,0,0,0,0,0,0
0,0,0,0,0,0,0,0,0,0,1,0.98,0.74,0.26,0.3,0,0,0,0,0,0,0,0,0,0,0,0,0,0,0,0,0,0,0,0,0,0,0,0,0,0,0,0.04,0.02,0.08,0.02,0.02,0.06,0,0.02,0.02,0,0,0,0,0,0,0,0.02,0,0,0,0,0,0,0,0,0,0,0,0,0,0,0,0,0,0,0,0,0
0,0,0,0,0,0,0,0,0,0,1,1,0.78,0.28,0.52,0.02,0,0,0,0,0,0,0,0,0,0,0,0,0,0,0,0,0,0,0,0,0,0.02,0.02,0.04,0.1,0.18,0.28,0.08,0.3,0.22,0.22,0.22,0.16,0.18,0.2,0.12,0.18,0.08,0.1,0.18,0.04,0.04,0.08,0.04,0.04,0,0,0,0,0,0,0,0,0,0,0,0,0,0,0,0,0,0,0
0,0,0,0,0,0,0,0,0,0,0.92,0.62,0.24,0.08,0.02,0,0,0,0,0,0,0,0,0,0,0,0,0,0,0,0,0,0,0,0,0,0,0,0,0,0,0,0,0,0,0,0,0,0,0,0,0,0,0,0,0,0,0,0,0,0,0,0,0,0,0,0,0,0,0,0,0,0,0,0,0,0,0,0,0
0,0,0,0,0,0,0,0,0,0,0.94,0.98,0.86,0.22,0.78,0.14,0.04,0,0,0,0,0,0,0,0,0,0,0,0,0,0,0,0,0,0.04,0.08,0.02,0.06,0.16,0.04,0.16,0.34,0.4,0.2,0.4,0.26,0.22,0.34,0.14,0.3,0.26,0.16,0.28,0.12,0.12,0.14,0.06,0.08,0.08,0.1,0.02,0,0,0,0,0,0,0,0,0,0,0,0,0,0,0,0,0,0,0
0,0,0,0,0,0,0,0,0,0,1,0.96,0.72,0.24,0.42,0.02,0.02,0,0,0,0,0,0,0,0,0,0,0,0,0,0,0,0,0,0,0,0,0.04,0,0.02,0.02,0.04,0.08,0,0.06,0.08,0.04,0.06,0.04,0,0.04,0,0,0,0,0,0,0,0,0,0,0,0,0,0,0,0,0,0,0,0,0,0,0,0,0,0,0,0,0
0,0,0,0,0,0,0,0,0,0,0.52,0.3,0.02,0,0,0,0,0,0,0,0,0,0,0,0,0,0,0,0,0,0,0,0,0,0,0,0,0,0,0,0,0,0,0,0,0,0,0,0,0,0,0,0,0,0,0,0,0,0,0,0,0,0,0,0,0,0,0,0,0,0,0,0,0,0,0,0,0,0,0
0,0,0,0,0,0,0,0,0,0,0.72,0.48,0.26,0.14,0.16,0,0,0,0,0,0,0,0,0,0,0,0,0,0,0,0,0,0,0,0,0,0,0,0,0.02,0.04,0.02,0.02,0,0.08,0.04,0.04,0.02,0.06,0.04,0.04,0,0.08,0.02,0.06,0.1,0.04,0,0.04,0.02,0.02,0,0,0,0,0,0,0,0,0,0,0,0,0,0,0,0,0,0,0
0,0,0,0,0,0,0,0,0,0,0.86,0,0,0,0,0,0,0,0,0,0,0,0,0,0,0,0,0,0,0,0,0,0,0,0,0,0,0,0,0,0,0,0,0,0,0,0,0,0,0,0,0,0,0,0,0,0,0,0,0,0,0,0,0,0,0,0,0,0,0,0,0,0,0,0,0,0,0,0,0
0,0,0,0,0,0,0,0,0,0,1,0.94,0.72,0.28,0.36,0,0,0,0,0,0,0,0,0,0,0,0,0,0,0,0,0,0,0,0,0,0,0,0.02,0.02,0.06,0.18,0.22,0.06,0.24,0.2,0.18,0.22,0.12,0.12,0.16,0.08,0.2,0.06,0.1,0.14,0.04,0.04,0.02,0.06,0.02,0,0,0,0,0,0,0,0,0,0,0,0,0,0,0,0,0,0,0
0,0,0,0,0,0,0,0,0,0,1,0.98,0.72,0.2,0.14,0,0,0,0,0,0,0,0,0,0,0,0,0,0,0,0,0,0,0,0,0,0,0,0,0,0,0,0,0,0,0,0,0.02,0,0.02,0,0,0,0,0,0,0,0,0.04,0,0,0,0,0,0,0,0,0,0,0,0,0,0,0,0,0,0,0,0,0
0,0,0,0,0,0,0,0,0,0,0.9,0.14,0.04,0,0.1,0.02,0,0,0,0,0,0,0,0,0,0,0,0,0,0,0,0,0,0,0,0,0,0,0,0.02,0.04,0.04,0.1,0.04,0.12,0.06,0.06,0.12,0.04,0.02,0.1,0.02,0.14,0.02,0.02,0.12,0.04,0.02,0.04,0.04,0.04,0,0,0,0,0,0,0,0,0,0,0,0,0,0,0,0,0,0,0
0,0,0,0,0,0,0,0,0,0,1,0.94,0.74,0.2,0.26,0.02,0,0,0,0,0,0,0,0,0,0,0,0,0,0,0,0,0,0,0,0,0,0,0.04,0,0.08,0.1,0.1,0.04,0.22,0.18,0.18,0.2,0.1,0.16,0.14,0.08,0.16,0.04,0.1,0.2,0.06,0.04,0.04,0.08,0.04,0,0,0,0,0,0,0,0,0,0,0,0,0,0,0,0,0,0,0
0,0,0,0,0,0,0,0,0,0,1,0.94,0.72,0.22,0.22,0.04,0.02,0,0,0,0,0,0,0,0,0,0,0,0,0,0,0,0,0,0,0.02,0,0,0.04,0.04,0.08,0.12,0.12,0.04,0.18,0.18,0.12,0.14,0.1,0.16,0.16,0.08,0.2,0.04,0.16,0.18,0.06,0.1,0.06,0.12,0,0,0,0,0,0,0,0,0,0,0,0,0,0,0,0,0,0,0,0
0,0,0,0,0,0,0,0,0,0,0.86,0.7,0.38,0.12,0.1,0,0.02,0,0,0,0,0,0,0,0,0,0,0,0,0,0,0,0,0,0,0,0,0,0,0,0,0,0,0,0,0.02,0,0.02,0,0,0,0,0,0,0,0,0,0,0,0,0,0,0,0,0,0,0,0,0,0,0,0,0,0,0,0,0,0,0,0
0,0,0,0,0,0,0,0,0,0,1,0.74,0.48,0.1,0.1,0,0,0,0,0,0,0,0,0,0,0,0,0,0,0,0,0,0,0,0,0,0,0,0,0.02,0.02,0,0.04,0,0.1,0.1,0.04,0.02,0,0.02,0.08,0.04,0.04,0,0.02,0.12,0.06,0.02,0.02,0.02,0.02,0,0,0,0,0,0,0,0,0,0,0,0,0,0,0,0,0,0,0
0,0,0,0,0,0,0,0,0,0,0.8,0.02,0.02,0.02,0,0,0,0,0,0,0,0,0,0,0,0,0,0,0,0,0,0,0,0,0,0,0,0,0,0,0,0,0,0.04,0,0.04,0.02,0.06,0,0.02,0.02,0,0.06,0.02,0,0,0,0,0,0,0.02,0,0,0,0,0,0,0,0,0,0,0,0,0,0,0,0,0,0,0
0,0,0,0,0,0,0,0,0,0,0.8,0.18,0.08,0.04,0.02,0,0,0,0,0,0,0,0,0,0,0,0,0,0,0,0,0,0,0,0,0,0,0,0,0,0,0,0,0,0,0,0,0,0,0,0,0,0,0,0,0,0,0,0,0,0,0,0,0,0,0,0,0,0,0,0,0,0,0,0,0,0,0,0,0
0,0,0,0,0,0,0,0,0,0,0.06,0,0,0,0,0,0,0,0,0,0,0,0,0,0,0,0,0,0,0,0,0,0,0,0,0,0,0,0,0,0,0,0,0,0,0,0,0,0,0,0,0,0,0,0,0,0,0,0,0,0,0,0,0,0,0,0,0,0,0,0,0,0,0,0,0,0,0,0,0
0,0,0,0,0,0,0,0,0,0,1,1,0.7,0.2,0.32,0.02,0.02,0,0,0,0,0,0,0,0,0,0,0,0,0,0,0,0,0,0,0,0,0,0.04,0,0,0,0.02,0,0.02,0,0.04,0.04,0.02,0.02,0.02,0.02,0,0,0,0,0,0,0.02,0,0,0,0,0,0,0,0,0,0,0,0,0,0,0,0,0,0,0,0,0
0,0,0,0,0,0,0,0,0,0,0.96,0.4,0.18,0.12,0.02,0,0,0,0,0,0,0,0,0,0,0,0,0,0,0,0,0,0,0,0,0,0,0,0,0,0,0,0,0,0,0.02,0,0,0,0,0,0,0,0,0,0,0,0,0,0,0,0,0,0,0,0,0,0,0,0,0,0,0,0,0,0,0,0,0,0
0,0,0,0,0,0,0,0,0,0,1,0.98,0.66,0.24,0.38,0.02,0.02,0,0,0,0,0,0,0,0,0,0,0,0,0,0,0,0,0,0,0,0,0,0.02,0,0.08,0.04,0.12,0,0.08,0.06,0.1,0.08,0.08,0.04,0.04,0.04,0.1,0.06,0.06,0.1,0,0.02,0.04,0,0.02,0,0,0,0,0,0,0,0,0,0,0,0,0,0,0,0,0,0,0
0,0,0,0,0,0,0,0,0,0,0.9,0.58,0.4,0.1,0.12,0,0,0,0,0,0,0,0,0,0,0,0,0,0,0,0,0,0,0,0,0,0,0,0,0,0,0,0,0,0,0,0,0,0,0,0,0,0,0,0,0,0,0,0.02,0,0,0,0,0,0,0,0,0,0,0,0,0,0,0,0,0,0,0,0,0
0,0,0,0,0,0,0,0,0,0,1,1,0.86,0.22,0.76,0.1,0.06,0,0,0,0,0,0,0,0,0,0,0,0,0,0,0,0,0,0,0.04,0,0.02,0.04,0.02,0.08,0.32,0.3,0.14,0.28,0.24,0.18,0.22,0.1,0.2,0.16,0.12,0.12,0.08,0.04,0.1,0.02,0.04,0.02,0.02,0.02,0,0,0,0,0,0,0,0,0,0,0,0,0,0,0,0,0,0,0
0,0,0,0,0,0,0,0,0,0,1,0.98,0.74,0.24,0.36,0.12,0,0.02,0.02,0,0,0,0,0,0,0,0,0,0,0,0,0,0.02,0.04,0.02,0.1,0.04,0.1,0.18,0.08,0.18,0.3,0.42,0.22,0.3,0.32,0.32,0.44,0.3,0.36,0.26,0.24,0.3,0.24,0.2,0.28,0.2,0.18,0.14,0.22,0.02,0,0,0,0,0,0,0,0,0,0,0,0,0,0,0,0,0,0,0
0,0,0,0,0,0,0,0,0,0,0.98,0.52,0.14,0.18,0.1,0,0,0,0,0,0,0,0,0,0,0,0,0,0,0,0,0,0,0,0,0,0,0,0,0,0.02,0.08,0.1,0.02,0.06,0.16,0.04,0.06,0.08,0.04,0.1,0.02,0.14,0.04,0.04,0.04,0.02,0,0.04,0.04,0.02,0,0,0,0,0,0,0,0,0,0,0,0,0,0,0,0,0,0,0
0,0,0,0,0,0,0,0,0,0,0.92,0.66,0.32,0.08,0.02,0,0,0,0,0,0,0,0,0,0,0,0,0,0,0,0,0,0,0,0,0,0,0,0,0,0,0,0,0,0,0,0,0,0,0,0,0,0,0,0,0,0,0,0,0,0,0,0,0,0,0,0,0,0,0,0,0,0,0,0,0,0,0,0,0
0,0,0,0,0,0,0,0,0,0,0.98,0.12,0,0,0,0,0,0,0,0,0,0,0,0,0,0,0,0,0,0,0,0,0,0,0,0,0,0,0,0,0,0,0,0,0,0,0,0,0,0,0,0,0,0,0,0,0,0,0,0,0,0,0,0,0,0,0,0,0,0,0,0,0,0,0,0,0,0,0,0
0,0,0,0,0,0,0,0,0,0,0.16,0,0,0,0,0,0,0,0,0,0,0,0,0,0,0,0,0,0,0,0,0,0,0,0,0,0,0,0,0,0,0,0,0,0,0,0,0,0,0,0,0,0,0,0,0,0,0,0,0,0,0,0,0,0,0,0,0,0,0,0,0,0,0,0,0,0,0,0,0
0,0,0,0,0,0,0,0,0,0,1,0.98,0.76,0.2,0.44,0.04,0.02,0,0,0,0,0,0,0,0,0,0,0,0,0,0,0,0,0,0,0,0,0.02,0.02,0,0.08,0.04,0.2,0.02,0.14,0.12,0.12,0.16,0.12,0.08,0.08,0.08,0.14,0.08,0.06,0.12,0.04,0.02,0.08,0.04,0.04,0,0,0,0,0,0,0,0,0,0,0,0,0,0,0,0,0,0,0
0,0,0,0,0,0,0,0,0,0,1,0.84,0.44,0.12,0.06,0,0,0,0,0,0,0,0,0,0,0,0,0,0,0,0,0,0,0,0,0,0,0,0,0,0,0,0,0,0,0,0,0.02,0,0,0,0,0,0,0,0,0,0,0,0,0,0,0,0,0,0,0,0,0,0,0,0,0,0,0,0,0,0,0,0
0,0,0,0,0,0,0,0,0,0,0.98,1,0.8,0.32,0.52,0.12,0.06,0.04,0,0,0,0,0,0,0,0,0,0,0,0,0.02,0,0.02,0.04,0.04,0.1,0.04,0.12,0.18,0.08,0.18,0.36,0.38,0.24,0.32,0.4,0.32,0.48,0.36,0.34,0.28,0.28,0.3,0.26,0.28,0.38,0.22,0.24,0.18,0.3,0.02,0,0,0,0,0,0,0,0,0,0,0,0,0,0,0,0,0,0,0
0,0,0,0,0,0,0,0,0,0,0.94,0.98,0.76,0.32,0.52,0.12,0.04,0.06,0,0,0,0,0,0,0,0,0,0,0,0,0.04,0,0.02,0.04,0.04,0.1,0.04,0.12,0.18,0.08,0.14,0.32,0.38,0.16,0.26,0.32,0.22,0.36,0.24,0.2,0.2,0.22,0.16,0.14,0.12,0.16,0.1,0.04,0.06,0.08,0.02,0,0,0,0,0,0,0,0,0,0,0,0,0,0,0,0,0,0,0
0,0,0,0,0,0,0,0,0,0,1,0.98,0.84,0.28,0.58,0.1,0.04,0,0,0,0,0,0,0,0,0,0,0,0,0,0,0,0,0,0,0.02,0.02,0.04,0.08,0.04,0.14,0.3,0.26,0.12,0.3,0.3,0.2,0.36,0.12,0.28,0.22,0.12,0.26,0.14,0.14,0.16,0.06,0.1,0.06,0.08,0,0,0,0,0,0,0,0,0,0,0,0,0,0,0,0,0,0,0,0
0,0,0,0,0,0,0,0,0,0,0.72,0,0.02,0,0,0,0,0,0,0,0,0,0,0,0,0,0,0,0,0,0,0,0,0,0,0,0,0,0,0,0,0,0,0,0,0,0,0,0,0,0,0,0,0,0,0,0,0,0,0.02,0,0,0,0,0,0,0,0,0,0,0,0,0,0,0,0,0,0,0,0
0,0,0,0,0,0,0,0,0,0,0.56,0.02,0,0,0,0,0,0,0,0,0,0,0,0,0,0,0,0,0,0,0,0,0,0,0,0,0,0,0,0,0,0,0,0,0,0,0,0,0,0,0,0,0,0,0,0,0,0,0,0,0,0,0,0,0,0,0,0,0,0,0,0,0,0,0,0,0,0,0,0
0,0,0,0,0,0,0,0,0,0,1,0.94,0.74,0.26,0.42,0.08,0.02,0,0,0,0,0,0,0,0,0,0,0,0,0,0,0,0,0,0,0,0,0.04,0.06,0.04,0.1,0.2,0.28,0.1,0.26,0.26,0.14,0.26,0.12,0.2,0.16,0.08,0.2,0.14,0.1,0.14,0.02,0.06,0.06,0.04,0.02,0,0,0,0,0,0,0,0,0,0,0,0,0,0,0,0,0,0,0
0,0,0,0,0,0,0,0,0,0,0.38,0,0.02,0,0,0,0,0,0,0,0,0,0,0,0,0,0,0,0,0,0,0,0,0,0,0,0,0,0,0,0,0,0.04,0,0.02,0,0,0,0.02,0,0,0,0.02,0,0,0,0,0,0,0,0,0,0,0,0,0,0,0,0,0,0,0,0,0,0,0,0,0,0,0
0,0,0,0,0,0,0,0,0,0,0.2,0,0,0,0,0,0,0,0,0,0,0,0,0,0,0,0,0,0,0,0,0,0,0,0,0,0,0,0,0,0,0,0,0,0,0,0,0,0,0,0,0,0,0,0,0,0,0,0,0,0,0,0,0,0,0,0,0,0,0,0,0,0,0,0,0,0,0,0,0
0,0,0,0,0,0,0,0,0,0,1,0.72,0.3,0.06,0.08,0,0,0,0,0,0,0,0,0,0,0,0,0,0,0,0,0,0,0,0,0,0,0,0,0,0.02,0.1,0.1,0.04,0.06,0.1,0.02,0.02,0.08,0.04,0.06,0.04,0.12,0.04,0.02,0.08,0.02,0.02,0.06,0.04,0,0,0,0,0,0,0,0,0,0,0,0,0,0,0,0,0,0,0,0
0,0,0,0,0,0,0,0,0,0,0.9,0.78,0.5,0.24,0.4,0.06,0,0,0,0,0,0,0,0,0,0,0,0,0,0,0,0,0,0,0,0,0,0,0.02,0.02,0.08,0.2,0.3,0.16,0.24,0.24,0.26,0.24,0.18,0.22,0.18,0.16,0.2,0.2,0.14,0.18,0.06,0.12,0.06,0.16,0.02,0,0,0,0,0,0,0,0,0,0,0,0,0,0,0,0,0,0,0
0,0,0,0,0,0,0,0,0,0,1,1,0.8,0.28,0.58,0.06,0.04,0,0,0,0,0,0,0,0,0,0,0,0,0,0,0,0,0,0,0.02,0,0.02,0.08,0.04,0.16,0.2,0.36,0.16,0.38,0.44,0.24,0.44,0.36,0.38,0.3,0.26,0.46,0.22,0.28,0.44,0.3,0.28,0.26,0.32,0.02,0,0,0,0,0,0,0,0,0,0,0,0,0,0,0,0,0,0,0
0,0,0,0,0,0,0,0,0,0,0.96,0.32,0.18,0.02,0.2,0.02,0,0,0,0,0,0,0,0,0,0,0,0,0,0,0,0,0,0,0,0,0,0,0,0,0.08,0.08,0.14,0.06,0.16,0.1,0.14,0.18,0.12,0.12,0.16,0.06,0.18,0.06,0.1,0.18,0.04,0.04,0.04,0.1,0.04,0,0,0,0,0,0,0,0,0,0,0,0,0,0,0,0,0,0,0
0,0,0,0,0,0,0,0,0,0,0.46,0.04,0.02,0.02,0,0,0,0,0,0,0,0,0,0,0,0,0,0,0,0,0,0,0,0,0,0,0,0,0,0,0.02,0,0,0,0,0,0.02,0,0.02,0.02,0,0,0,0,0.02,0.04,0.04,0,0,0,0,0,0,0,0,0,0,0,0,0,0,0,0,0,0,0,0,0,0,0
0,0,0,0,0,0,0,0,0,0,1,0.84,0.62,0.2,0.22,0,0,0,0,0,0,0,0,0,0,0,0,0,0,0,0,0,0,0,0,0,0,0,0,0.02,0.04,0.04,0.02,0,0.06,0.02,0.04,0.04,0.02,0,0,0,0,0,0,0,0,0,0,0,0,0,0,0,0,0,0,0,0,0,0,0,0,0,0,0,0,0,0,0
0,0,0,0,0,0,0,0,0,0,0.98,0.6,0.3,0.14,0.1,0,0.02,0,0,0,0,0,0,0,0,0,0,0,0,0,0,0,0,0,0,0,0,0,0,0,0,0,0,0,0,0,0,0,0,0,0,0,0,0,0,0,0,0,0,0,0,0,0,0,0,0,0,0,0,0,0,0,0,0,0,0,0,0,0,0
0,0,0,0,0,0,0,0,0,0,1,1,0.8,0.28,0.6,0.08,0.02,0,0,0,0,0,0,0,0,0,0,0,0,0,0,0,0,0,0,0.02,0,0.02,0.08,0.06,0.12,0.2,0.38,0.14,0.32,0.32,0.26,0.32,0.32,0.28,0.26,0.22,0.36,0.24,0.24,0.28,0.2,0.24,0.16,0.24,0,0,0,0,0,0,0,0,0,0,0,0,0,0,0,0,0,0,0,0
0,0,0,0,0,0,0,0,0,0,1,0.9,0.54,0.16,0.2,0,0,0,0,0,0,0,0,0,0,0,0,0,0,0,0,0,0,0,0,0,0,0.02,0,0,0.02,0.02,0,0,0,0,0,0.02,0,0,0,0,0.04,0.04,0,0,0.02,0,0.02,0,0,0,0,0,0,0,0,0,0,0,0,0,0,0,0,0,0,0,0,0
0,0,0,0,0,0,0,0,0,0,0.94,0.06,0.02,0,0.02,0,0,0,0,0,0,0,0,0,0,0,0,0,0,0,0,0,0,0,0,0,0,0,0,0,0,0,0,0,0,0,0,0,0,0,0,0,0,0,0,0,0,0,0,0.02,0,0,0,0,0,0,0,0,0,0,0,0,0,0,0,0,0,0,0,0
